name,company,year,kms_driven,fuel_type,Price
Volkswagen XUV,Volkswagen,2011,141932,Electric,50000
Tata XUV,Tata,2012,120268,Electric,111503
Chevrolet Swift,Chevrolet,2011,147337,Electric,121839
Volkswagen Kwid,Volkswagen,2015,97498,LPG,218099
Toyota XUV,Toyota,2008,26023,Diesel,50000
Toyota Nexon,Toyota,2006,69735,CNG,50000
Mahindra i20,Mahindra,2010,15311,Petrol,50000
Volkswagen i20,Volkswagen,2005,95305,Petrol,50000
Hyundai Figo,Hyundai,2016,140608,Petrol,81218
Maruti Innova,Maruti,2014,140523,CNG,120259
Chevrolet Beat,Chevrolet,2020,75725,Electric,610916
Ford Swift,Ford,2019,129346,Diesel,297304
Toyota Figo,Toyota,2007,79092,Petrol,50000
Maruti Polo,Maruti,2011,97313,CNG,88024
Maruti Polo,Maruti,2018,78148,Diesel,271238
Ford Beat,Ford,2019,134358,Electric,290134
Ford i20,Ford,2012,120510,LPG,50000
Renault Nexon,Renault,2018,45920,LPG,211229
Renault Figo,Renault,2012,29457,Diesel,50000
Hyundai i20,Hyundai,2014,62995,LPG,237066
Volkswagen i20,Volkswagen,2022,47065,CNG,903362
Mahindra City,Mahindra,2008,21534,Petrol,50000
Mahindra i20,Mahindra,2018,101387,Electric,386017
Chevrolet Nexon,Chevrolet,2012,33247,Electric,153565
Renault i20,Renault,2022,92798,Electric,449568
Tata Figo,Tata,2017,48044,CNG,320713
Volkswagen i20,Volkswagen,2005,58984,CNG,50000
Volkswagen XUV,Volkswagen,2013,130151,Petrol,50000
Volkswagen Kwid,Volkswagen,2015,49504,LPG,50000
Mahindra Kwid,Mahindra,2007,139312,CNG,50000
Ford Swift,Ford,2009,144633,Petrol,50000
Ford Figo,Ford,2013,32662,CNG,181616
Volkswagen Figo,Volkswagen,2016,123569,Diesel,239342
Tata XUV,Tata,2020,137478,LPG,304591
Chevrolet Polo,Chevrolet,2016,20965,LPG,51797
Chevrolet Polo,Chevrolet,2007,123252,CNG,50000
Maruti City,Maruti,2018,108806,LPG,350720
Toyota Swift,Toyota,2011,131626,CNG,139247
Renault i20,Renault,2019,132409,Electric,169757
Renault Innova,Renault,2011,132096,CNG,146043
Honda Figo,Honda,2008,115878,Electric,72908
Ford Swift,Ford,2019,72623,LPG,451566
Chevrolet Swift,Chevrolet,2006,119225,Diesel,50000
Volkswagen Beat,Volkswagen,2010,105259,Diesel,83471
Renault City,Renault,2016,35939,LPG,324247
Honda Innova,Honda,2011,135117,CNG,102467
Tata Polo,Tata,2005,138376,Diesel,50000
Honda Nexon,Honda,2017,65016,Electric,163577
Renault Figo,Renault,2011,31959,LPG,50000
Ford Beat,Ford,2014,137659,Petrol,59844
Honda Polo,Honda,2013,128451,LPG,89721
Ford XUV,Ford,2016,62733,CNG,60825
Maruti Polo,Maruti,2006,77172,Electric,50000
Hyundai Kwid,Hyundai,2021,36736,LPG,221632
Mahindra City,Mahindra,2006,122859,Petrol,50000
Mahindra i20,Mahindra,2009,17392,Electric,50000
Ford Kwid,Ford,2006,60859,Petrol,50000
Renault City,Renault,2010,80467,Electric,124314
Renault XUV,Renault,2015,119751,Electric,197995
Ford Kwid,Ford,2010,116308,CNG,50000
Tata Swift,Tata,2010,99045,Diesel,65310
Chevrolet Figo,Chevrolet,2020,32671,Petrol,111338
Volkswagen City,Volkswagen,2007,59811,Petrol,73565
Hyundai City,Hyundai,2008,134249,Petrol,50000
Chevrolet Beat,Chevrolet,2011,149752,Petrol,50000
Hyundai Kwid,Hyundai,2012,81295,Petrol,113319
Volkswagen Swift,Volkswagen,2022,21111,Diesel,771578
Tata Figo,Tata,2022,57254,Electric,462843
Honda Beat,Honda,2011,56843,Petrol,86299
Hyundai i20,Hyundai,2020,117512,LPG,152987
Volkswagen XUV,Volkswagen,2021,143121,CNG,461576
Maruti Swift,Maruti,2020,122893,Diesel,550788
Maruti Swift,Maruti,2009,127796,CNG,105724
Toyota XUV,Toyota,2013,17400,CNG,82326
Volkswagen Innova,Volkswagen,2020,76690,Diesel,490556
Toyota Swift,Toyota,2005,22183,LPG,50000
Hyundai City,Hyundai,2021,42711,LPG,517388
Tata Nexon,Tata,2010,136063,Diesel,88159
Chevrolet Swift,Chevrolet,2007,143272,Petrol,50488
Renault i20,Renault,2022,31357,CNG,814066
Renault Polo,Renault,2007,60108,CNG,50000
Maruti Kwid,Maruti,2008,100272,Electric,50000
Ford City,Ford,2005,101412,Electric,50000
Renault Beat,Renault,2012,96416,Electric,54251
Hyundai XUV,Hyundai,2016,117450,CNG,84962
Ford Swift,Ford,2018,126381,Diesel,105972
Chevrolet i20,Chevrolet,2012,40746,LPG,125392
Mahindra i20,Mahindra,2005,117455,LPG,50000
Honda Beat,Honda,2020,55714,CNG,520503
Tata Innova,Tata,2007,119616,Diesel,50000
Volkswagen Beat,Volkswagen,2021,134123,CNG,591706
Chevrolet Figo,Chevrolet,2018,46212,LPG,329718
Honda Nexon,Honda,2007,73208,CNG,50000
Tata City,Tata,2021,141373,Electric,163172
Tata Figo,Tata,2007,134019,Petrol,50000
Renault i20,Renault,2005,128015,Petrol,50000
Hyundai Nexon,Hyundai,2022,113746,LPG,746684
Renault Beat,Renault,2018,46631,Petrol,423198
Renault i20,Renault,2019,21093,CNG,477504
Maruti Nexon,Maruti,2006,66958,LPG,60007
Volkswagen Kwid,Volkswagen,2014,115864,Electric,115792
Maruti Nexon,Maruti,2011,64748,LPG,74384
Honda i20,Honda,2007,39592,LPG,53094
Toyota Figo,Toyota,2017,120627,Diesel,125369
Mahindra Nexon,Mahindra,2012,16655,LPG,179514
Chevrolet Innova,Chevrolet,2020,97922,LPG,286977
Maruti Kwid,Maruti,2019,42097,Diesel,450711
Chevrolet i20,Chevrolet,2021,80313,Electric,199688
Hyundai Nexon,Hyundai,2015,123632,Electric,234548
Toyota Nexon,Toyota,2016,124692,LPG,277770
Volkswagen City,Volkswagen,2008,83523,CNG,83929
Honda Kwid,Honda,2022,27019,LPG,754627
Renault Nexon,Renault,2021,83847,LPG,118310
Mahindra Beat,Mahindra,2009,42217,Electric,92903
Honda i20,Honda,2013,110235,LPG,187128
Hyundai i20,Hyundai,2005,76617,Electric,50000
Renault Swift,Renault,2005,140798,CNG,50000
Chevrolet Polo,Chevrolet,2020,30056,Diesel,166806
Mahindra Nexon,Mahindra,2017,124548,CNG,155064
Ford Nexon,Ford,2020,39375,Petrol,383421
Renault Beat,Renault,2009,123429,Petrol,50000
Mahindra Swift,Mahindra,2007,77215,LPG,50000
Volkswagen Swift,Volkswagen,2018,19435,Diesel,207397
Honda Beat,Honda,2019,88832,CNG,104254
Chevrolet Beat,Chevrolet,2009,53919,Diesel,71048
Renault Kwid,Renault,2020,131172,Electric,302610
Ford Figo,Ford,2005,66573,Electric,50019
Maruti Innova,Maruti,2009,36646,Electric,80613
Ford Beat,Ford,2014,108116,Diesel,141230
Hyundai Figo,Hyundai,2014,33289,Petrol,181607
Honda City,Honda,2005,51975,Petrol,50000
Hyundai Nexon,Hyundai,2017,145683,LPG,203443
Toyota Kwid,Toyota,2020,114182,LPG,362250
Honda Beat,Honda,2016,21938,CNG,266765
Ford Beat,Ford,2005,14000,Petrol,50000
Renault Polo,Renault,2015,113691,Electric,134918
Tata Polo,Tata,2005,79449,Petrol,50000
Toyota XUV,Toyota,2016,118940,Diesel,277569
Ford Beat,Ford,2018,107532,CNG,344856
Mahindra Figo,Mahindra,2022,110386,Diesel,460496
Mahindra Polo,Mahindra,2021,104297,Electric,390274
Ford Figo,Ford,2014,85353,Petrol,242873
Toyota Figo,Toyota,2006,67458,CNG,50000
Maruti Innova,Maruti,2011,13267,Diesel,50000
Tata Figo,Tata,2022,21338,Electric,203359
Tata City,Tata,2008,70692,Petrol,91990
Ford Kwid,Ford,2008,54425,CNG,50000
Maruti Polo,Maruti,2013,57295,LPG,175093
Hyundai Beat,Hyundai,2021,93042,LPG,148363
Maruti Figo,Maruti,2008,47841,CNG,50000
Mahindra Swift,Mahindra,2011,148429,Electric,50000
Renault Polo,Renault,2016,81180,Petrol,207330
Mahindra Innova,Mahindra,2007,121888,LPG,50000
Chevrolet Nexon,Chevrolet,2020,141800,Diesel,516839
Hyundai Swift,Hyundai,2017,76234,LPG,102335
Hyundai Innova,Hyundai,2008,69163,Electric,50000
Chevrolet Innova,Chevrolet,2019,149407,Diesel,403312
Maruti Beat,Maruti,2009,112795,Electric,50000
Hyundai Polo,Hyundai,2008,128324,Petrol,50000
Renault Figo,Renault,2020,37192,CNG,437785
Volkswagen i20,Volkswagen,2017,99780,Petrol,380814
Ford Swift,Ford,2011,98461,Diesel,113358
Tata Figo,Tata,2009,48102,Petrol,50000
Hyundai City,Hyundai,2015,99930,Diesel,73657
Mahindra Innova,Mahindra,2014,11542,LPG,238580
Chevrolet Kwid,Chevrolet,2012,49081,LPG,110527
Maruti Polo,Maruti,2022,29065,Diesel,440229
Mahindra Polo,Mahindra,2009,98092,LPG,93829
Maruti Innova,Maruti,2020,142396,Electric,317123
Chevrolet i20,Chevrolet,2010,29870,Electric,100341
Renault Innova,Renault,2016,36790,CNG,233964
Renault Kwid,Renault,2011,25485,CNG,136919
Ford Figo,Ford,2017,13709,Petrol,231002
Honda City,Honda,2012,52918,Diesel,128434
Ford Innova,Ford,2021,33960,CNG,215729
Volkswagen City,Volkswagen,2010,124821,Diesel,73351
Ford Nexon,Ford,2017,44620,LPG,88971
Tata Beat,Tata,2020,103396,Petrol,638475
Chevrolet Figo,Chevrolet,2009,101362,CNG,50000
Hyundai Swift,Hyundai,2022,81726,Diesel,132841
Maruti Kwid,Maruti,2021,48413,LPG,239228
Hyundai Innova,Hyundai,2005,120133,Diesel,53013
Mahindra Innova,Mahindra,2015,88859,Diesel,212935
Volkswagen Polo,Volkswagen,2020,31447,Petrol,260603
Mahindra Figo,Mahindra,2012,19337,Petrol,92990
Honda Kwid,Honda,2008,71529,Petrol,50000
Honda Innova,Honda,2022,43307,CNG,380675
Toyota Nexon,Toyota,2009,137016,Petrol,72232
Hyundai XUV,Hyundai,2021,88752,LPG,269213
Volkswagen Kwid,Volkswagen,2017,107007,Diesel,76002
Tata i20,Tata,2017,132402,Diesel,371058
Mahindra Polo,Mahindra,2010,146785,Electric,66709
Chevrolet Kwid,Chevrolet,2009,60990,CNG,87985
Ford Kwid,Ford,2006,68141,Diesel,66565
Maruti Figo,Maruti,2009,11015,Petrol,97187
Hyundai Beat,Hyundai,2005,110497,LPG,50000
Tata XUV,Tata,2015,72292,Electric,94954
Honda Innova,Honda,2021,56540,Diesel,182897
Hyundai Polo,Hyundai,2006,85880,LPG,60890
Tata Nexon,Tata,2005,10404,Petrol,50000
Tata City,Tata,2010,22763,Electric,79742
Hyundai Figo,Hyundai,2009,90642,Diesel,95560
Mahindra Beat,Mahindra,2009,20916,Electric,92856
Honda XUV,Honda,2014,131288,LPG,214115
Volkswagen i20,Volkswagen,2005,55106,Electric,50000
Volkswagen Kwid,Volkswagen,2008,31949,Petrol,91178
Ford Figo,Ford,2021,118319,Petrol,151343
Renault Swift,Renault,2012,134454,Diesel,119672
Toyota XUV,Toyota,2006,71877,LPG,50000
Tata Swift,Tata,2022,47131,Petrol,515426
Volkswagen City,Volkswagen,2016,116884,CNG,74319
Mahindra XUV,Mahindra,2021,29198,Electric,385754
Renault XUV,Renault,2019,11252,Petrol,386917
Ford Beat,Ford,2018,63682,LPG,257622
Renault Figo,Renault,2006,16949,Diesel,50000
Mahindra Beat,Mahindra,2006,148013,Petrol,50000
Maruti Kwid,Maruti,2006,104456,Petrol,52503
Tata Kwid,Tata,2019,80390,Diesel,341531
Hyundai XUV,Hyundai,2021,113196,Electric,329313
Ford Nexon,Ford,2014,65479,Diesel,244510
Hyundai Figo,Hyundai,2014,29963,CNG,141976
Honda Figo,Honda,2009,83477,Diesel,92287
Volkswagen Innova,Volkswagen,2017,114573,Diesel,170470
Tata City,Tata,2015,55002,Electric,190802
Hyundai i20,Hyundai,2019,147162,LPG,325516
Maruti XUV,Maruti,2020,34071,Petrol,544732
Ford Beat,Ford,2008,118215,Diesel,50000
Mahindra Polo,Mahindra,2007,111570,Diesel,50000
Honda Nexon,Honda,2022,38732,Electric,692848
Maruti i20,Maruti,2009,121195,CNG,94219
Hyundai City,Hyundai,2010,140560,Electric,107540
Ford Polo,Ford,2013,61745,LPG,50000
Maruti XUV,Maruti,2017,33624,Electric,60516
Ford Beat,Ford,2019,146312,Diesel,535171
Mahindra City,Mahindra,2019,128831,LPG,143487
Mahindra City,Mahindra,2021,105257,Electric,410591
Renault Swift,Renault,2005,137600,Diesel,50000
Tata XUV,Tata,2019,141374,Petrol,420073
Volkswagen Swift,Volkswagen,2018,137449,CNG,324053
Honda Swift,Honda,2018,54247,Diesel,478303
Renault Figo,Renault,2017,115113,CNG,126038
Hyundai Swift,Hyundai,2011,146194,CNG,101767
Ford Innova,Ford,2018,48638,Diesel,337241
Ford Polo,Ford,2017,128033,Petrol,224959
Mahindra Polo,Mahindra,2010,115186,Electric,88046
Volkswagen City,Volkswagen,2019,56271,LPG,399261
Mahindra XUV,Mahindra,2009,11062,Diesel,110992
Honda Polo,Honda,2021,105462,Diesel,505382
Volkswagen Polo,Volkswagen,2016,14632,Petrol,198802
Volkswagen Kwid,Volkswagen,2008,17561,Diesel,50000
Mahindra City,Mahindra,2013,135036,Electric,82031
Renault Kwid,Renault,2019,147443,Petrol,83787
Maruti Figo,Maruti,2006,22910,Petrol,50000
Honda Figo,Honda,2021,33275,Petrol,415478
Renault i20,Renault,2014,110776,Petrol,64336
Toyota Innova,Toyota,2010,58447,Electric,96626
Toyota i20,Toyota,2017,122581,CNG,168057
Volkswagen City,Volkswagen,2005,126148,LPG,50000
Tata Kwid,Tata,2010,11605,CNG,50000
Honda Innova,Honda,2008,86125,CNG,50000
Maruti Nexon,Maruti,2013,14324,LPG,141464
Hyundai i20,Hyundai,2010,132177,Electric,103249
Renault XUV,Renault,2015,132883,Petrol,188163
Toyota Figo,Toyota,2021,122221,CNG,640906
Volkswagen City,Volkswagen,2006,10846,Diesel,50000
Tata Innova,Tata,2017,107579,Electric,90901
Ford Kwid,Ford,2008,101922,Electric,89720
Volkswagen i20,Volkswagen,2005,137534,CNG,50000
Volkswagen City,Volkswagen,2018,52533,LPG,316288
Renault Beat,Renault,2015,42254,Petrol,193750
Volkswagen Figo,Volkswagen,2017,57362,Petrol,130841
Toyota i20,Toyota,2010,75545,Diesel,115492
Maruti i20,Maruti,2014,143291,CNG,82566
Volkswagen Nexon,Volkswagen,2017,15287,CNG,342392
Maruti Figo,Maruti,2009,118872,Petrol,50000
Mahindra Swift,Mahindra,2010,52078,Electric,70045
Toyota Kwid,Toyota,2016,52929,CNG,318149
Chevrolet Polo,Chevrolet,2015,94555,Diesel,114540
Chevrolet Polo,Chevrolet,2005,146487,Electric,50000
Honda Nexon,Honda,2012,68596,Electric,138117
Honda Innova,Honda,2007,96740,Electric,50000
Hyundai City,Hyundai,2018,135501,Petrol,446373
Renault Swift,Renault,2017,53303,Electric,391541
Ford Kwid,Ford,2011,49711,Petrol,142517
Toyota Nexon,Toyota,2010,112974,LPG,121011
Toyota Innova,Toyota,2005,77728,Petrol,50000
Hyundai Kwid,Hyundai,2019,137796,Petrol,433838
Tata City,Tata,2012,145090,Diesel,125976
Honda Nexon,Honda,2010,64917,Electric,127970
Honda Figo,Honda,2011,93122,LPG,69024
Mahindra Polo,Mahindra,2019,130430,Electric,491990
Maruti Nexon,Maruti,2011,141994,LPG,50000
Maruti XUV,Maruti,2010,107720,Diesel,90914
Ford XUV,Ford,2009,42154,CNG,108172
Toyota Polo,Toyota,2005,113677,Diesel,50000
Volkswagen Polo,Volkswagen,2006,42265,Diesel,67607
Toyota i20,Toyota,2014,56197,Petrol,234281
Tata XUV,Tata,2019,81907,Electric,151159
Hyundai Nexon,Hyundai,2019,30103,Diesel,99557
Hyundai Beat,Hyundai,2019,94291,LPG,211521
Maruti Kwid,Maruti,2017,30609,Diesel,94398
Volkswagen Figo,Volkswagen,2008,134714,LPG,50000
Renault Beat,Renault,2015,136205,CNG,247237
Honda XUV,Honda,2012,86325,CNG,179207
Ford i20,Ford,2012,65318,LPG,71168
Ford Nexon,Ford,2018,100474,LPG,105913
Renault Swift,Renault,2017,83319,CNG,87967
Maruti Figo,Maruti,2022,27368,Electric,534438
Mahindra Swift,Mahindra,2019,101751,LPG,161233
Maruti XUV,Maruti,2015,47219,LPG,287068
Ford Beat,Ford,2008,70279,Electric,50000
Toyota i20,Toyota,2012,10126,LPG,125490
Mahindra Figo,Mahindra,2021,119945,LPG,268845
Chevrolet City,Chevrolet,2018,144869,CNG,120035
Mahindra City,Mahindra,2005,86589,Electric,50000
Chevrolet Beat,Chevrolet,2018,134085,Diesel,184550
Tata Polo,Tata,2005,110158,Electric,53824
Ford Figo,Ford,2012,78244,CNG,61896
Maruti Polo,Maruti,2013,67545,Electric,100517
Chevrolet Polo,Chevrolet,2013,50738,CNG,162026
Tata City,Tata,2015,149649,LPG,269154
Renault Innova,Renault,2006,46368,LPG,50000
Volkswagen Kwid,Volkswagen,2015,51914,LPG,284979
Ford Figo,Ford,2011,29956,Electric,150519
Toyota Kwid,Toyota,2005,131008,Diesel,50000
Hyundai Figo,Hyundai,2015,14757,CNG,274667
Tata Beat,Tata,2021,80480,CNG,401376
Chevrolet Polo,Chevrolet,2013,62853,Electric,199159
Mahindra Polo,Mahindra,2012,11759,Petrol,118545
Maruti Innova,Maruti,2021,100397,Petrol,415106
Tata Polo,Tata,2012,74077,Petrol,123150
Hyundai City,Hyundai,2019,147717,Diesel,286019
Hyundai City,Hyundai,2022,21485,Diesel,307283
Hyundai Swift,Hyundai,2008,62487,LPG,83140
Toyota Kwid,Toyota,2014,141026,CNG,183910
Chevrolet City,Chevrolet,2005,115947,Diesel,50000
Ford Beat,Ford,2011,119575,LPG,125522
Mahindra i20,Mahindra,2007,40678,Diesel,50000
Ford i20,Ford,2012,82258,Electric,154972
Renault City,Renault,2005,95595,Electric,50000
Tata City,Tata,2006,83506,CNG,50000
Renault XUV,Renault,2018,123453,Diesel,258031
Tata Innova,Tata,2020,129235,Petrol,228065
Ford Nexon,Ford,2009,137157,Electric,58862
Mahindra Figo,Mahindra,2020,57057,Diesel,201194
Volkswagen Innova,Volkswagen,2005,12198,LPG,50000
Mahindra Innova,Mahindra,2020,128865,LPG,265787
Hyundai City,Hyundai,2005,33236,Diesel,50000
Tata Innova,Tata,2015,113145,LPG,290117
Toyota i20,Toyota,2007,112870,Petrol,50000
Maruti Polo,Maruti,2016,126243,Electric,169876
Ford i20,Ford,2009,142351,Diesel,105709
Maruti Swift,Maruti,2013,140273,CNG,166446
Hyundai Figo,Hyundai,2016,130674,LPG,255033
Hyundai Innova,Hyundai,2016,29063,CNG,61700
Ford XUV,Ford,2018,45954,Electric,408735
Chevrolet Kwid,Chevrolet,2018,45367,Electric,222525
Volkswagen Figo,Volkswagen,2017,109608,CNG,141394
Chevrolet City,Chevrolet,2013,65029,Electric,50000
Maruti Beat,Maruti,2015,61693,Electric,61741
Mahindra City,Mahindra,2017,136678,LPG,144873
Honda Figo,Honda,2015,66133,Electric,238527
Toyota Kwid,Toyota,2014,41653,Petrol,234919
Volkswagen Nexon,Volkswagen,2021,131829,CNG,443778
Honda Innova,Honda,2016,11622,Electric,178934
Hyundai Polo,Hyundai,2014,26725,Petrol,153145
Maruti Kwid,Maruti,2010,39402,CNG,109046
Mahindra i20,Mahindra,2006,57924,Diesel,50000
Hyundai Kwid,Hyundai,2014,45737,CNG,93836
Mahindra Nexon,Mahindra,2018,138575,Petrol,431377
Renault Figo,Renault,2015,31172,Diesel,144557
Ford Polo,Ford,2015,99599,Petrol,288586
Mahindra Polo,Mahindra,2011,126021,LPG,92122
Tata Beat,Tata,2019,14853,Diesel,457001
Mahindra Figo,Mahindra,2009,69129,Electric,107279
Ford City,Ford,2007,131789,LPG,50000
Honda Swift,Honda,2017,48890,Petrol,357726
Honda Polo,Honda,2013,142596,Diesel,115883
Volkswagen Figo,Volkswagen,2013,64912,LPG,114260
Hyundai Swift,Hyundai,2014,120616,Diesel,211810
Chevrolet Nexon,Chevrolet,2007,38145,LPG,50000
Chevrolet Beat,Chevrolet,2016,30581,CNG,112074
Hyundai Figo,Hyundai,2009,135995,Electric,109591
Mahindra i20,Mahindra,2021,46408,Petrol,563531
Toyota Figo,Toyota,2021,67134,CNG,730210
Maruti City,Maruti,2020,100327,LPG,262360
Chevrolet Polo,Chevrolet,2012,21344,Electric,71721
Tata Polo,Tata,2009,77957,LPG,50000
Ford Figo,Ford,2010,87454,CNG,96016
Renault Kwid,Renault,2019,47641,CNG,305815
Toyota City,Toyota,2011,54813,Petrol,88263
Honda i20,Honda,2011,90559,Electric,50000
Toyota Nexon,Toyota,2022,51786,Electric,367929
Toyota Swift,Toyota,2011,29426,Petrol,131851
Honda XUV,Honda,2014,76150,Diesel,223175
Mahindra Beat,Mahindra,2007,45435,Petrol,50000
Volkswagen Swift,Volkswagen,2006,144055,Electric,50000
Renault City,Renault,2016,104071,CNG,240085
Renault Nexon,Renault,2017,123824,CNG,328946
Chevrolet Swift,Chevrolet,2017,89273,CNG,288299
Chevrolet Beat,Chevrolet,2006,133618,Diesel,50000
Chevrolet XUV,Chevrolet,2017,37788,Petrol,258724
Hyundai i20,Hyundai,2007,106122,CNG,57614
Renault i20,Renault,2021,71916,Electric,751927
Chevrolet Swift,Chevrolet,2020,95431,Electric,473865
Chevrolet Innova,Chevrolet,2019,112665,Petrol,538092
Tata Nexon,Tata,2011,42733,LPG,74218
Maruti XUV,Maruti,2017,43933,CNG,203721
Honda Innova,Honda,2022,122573,Electric,758189
Tata City,Tata,2020,145566,LPG,181245
Maruti Polo,Maruti,2008,53001,CNG,50000
Chevrolet Nexon,Chevrolet,2009,141878,CNG,81058
Maruti City,Maruti,2018,136295,LPG,222952
Mahindra Beat,Mahindra,2017,34262,LPG,106823
Chevrolet Swift,Chevrolet,2012,51844,Electric,63186
Tata Swift,Tata,2017,87129,CNG,135969
Tata XUV,Tata,2006,126953,LPG,50000
Chevrolet Figo,Chevrolet,2021,128533,CNG,608654
Mahindra i20,Mahindra,2019,76262,Petrol,388845
Mahindra XUV,Mahindra,2007,40448,Petrol,50000
Toyota Kwid,Toyota,2014,122855,CNG,50000
Chevrolet City,Chevrolet,2010,64028,LPG,86165
Mahindra Nexon,Mahindra,2019,70504,LPG,344416
Mahindra Figo,Mahindra,2008,44701,Petrol,83612
Chevrolet Beat,Chevrolet,2006,93560,Electric,50000
Renault Innova,Renault,2007,53642,Electric,50000
Ford Figo,Ford,2013,27602,Electric,80156
Toyota City,Toyota,2006,35931,Petrol,60878
Tata Polo,Tata,2013,56542,Petrol,74384
Hyundai Innova,Hyundai,2015,60106,Diesel,157963
Toyota i20,Toyota,2019,79669,CNG,521035
Hyundai i20,Hyundai,2020,122217,Electric,483731
Mahindra Swift,Mahindra,2020,144092,Electric,591156
Hyundai Kwid,Hyundai,2021,135991,Petrol,313270
Honda Innova,Honda,2007,142663,Diesel,50000
Tata Polo,Tata,2006,81719,Diesel,67503
Volkswagen Innova,Volkswagen,2017,109616,Petrol,301531
Maruti Beat,Maruti,2020,29623,Electric,409259
Renault Swift,Renault,2005,115228,Electric,50000
Volkswagen XUV,Volkswagen,2017,107624,Petrol,358025
Hyundai XUV,Hyundai,2010,63947,Electric,125436
Tata Kwid,Tata,2015,59708,CNG,259893
Toyota Kwid,Toyota,2014,115865,LPG,120501
Chevrolet Innova,Chevrolet,2015,52534,Diesel,136404
Maruti Nexon,Maruti,2022,136209,Petrol,392943
Ford Polo,Ford,2017,102124,LPG,98202
Toyota i20,Toyota,2006,85418,Diesel,53143
Honda i20,Honda,2013,41575,Electric,64834
Maruti Swift,Maruti,2020,86242,Petrol,632378
Hyundai XUV,Hyundai,2011,39257,Electric,69541
Hyundai Innova,Hyundai,2006,71246,CNG,50000
Renault Polo,Renault,2019,101357,Petrol,529375
Hyundai Nexon,Hyundai,2008,93807,Electric,50000
Hyundai XUV,Hyundai,2021,133797,LPG,273254
Maruti Swift,Maruti,2014,19077,LPG,162601
Chevrolet Swift,Chevrolet,2022,77889,Electric,836857
Volkswagen Nexon,Volkswagen,2016,87475,Electric,157572
Hyundai Swift,Hyundai,2007,110732,Electric,50000
Toyota Innova,Toyota,2015,17813,Petrol,251855
Ford i20,Ford,2019,103106,LPG,183480
Hyundai Beat,Hyundai,2006,36029,Electric,63145
Toyota i20,Toyota,2008,99186,Petrol,69951
Volkswagen XUV,Volkswagen,2013,51846,LPG,172825
Toyota i20,Toyota,2015,33411,LPG,126490
Honda Swift,Honda,2006,88797,Petrol,50000
Renault City,Renault,2015,32042,Petrol,191227
Maruti Kwid,Maruti,2016,107883,Electric,300451
Maruti Nexon,Maruti,2019,58901,LPG,543661
Renault Beat,Renault,2009,138386,LPG,62679
Mahindra Kwid,Mahindra,2010,143052,Petrol,77507
Ford Kwid,Ford,2021,92711,Petrol,664610
Renault Kwid,Renault,2019,28639,Electric,502871
Ford XUV,Ford,2012,31563,Electric,69546
Hyundai Kwid,Hyundai,2021,149783,Petrol,283055
Maruti Polo,Maruti,2018,95553,Petrol,451172
Honda Kwid,Honda,2011,92879,CNG,117907
Volkswagen Polo,Volkswagen,2007,132413,Petrol,51622
Chevrolet XUV,Chevrolet,2018,21536,Diesel,89252
Maruti i20,Maruti,2008,18712,Diesel,61484
Toyota i20,Toyota,2006,64615,Petrol,50000
Toyota Kwid,Toyota,2015,95708,Diesel,179276
Hyundai Beat,Hyundai,2012,93309,CNG,70230
Honda Kwid,Honda,2010,16154,CNG,76462
Mahindra Innova,Mahindra,2005,61195,Electric,50000
Honda Swift,Honda,2013,40087,Electric,128370
Volkswagen City,Volkswagen,2013,49499,Petrol,91320
Chevrolet Nexon,Chevrolet,2019,106347,CNG,201309
Toyota i20,Toyota,2012,32431,LPG,174158
Chevrolet City,Chevrolet,2005,59153,Diesel,50000
Volkswagen Kwid,Volkswagen,2005,122360,Diesel,50000
Ford Nexon,Ford,2005,122755,LPG,50000
Volkswagen Innova,Volkswagen,2018,85897,Petrol,467682
Maruti Kwid,Maruti,2019,78577,LPG,346570
Hyundai Beat,Hyundai,2016,72768,CNG,244337
Ford XUV,Ford,2007,142997,Petrol,50000
Hyundai Swift,Hyundai,2010,127832,Electric,96282
Tata Innova,Tata,2013,74881,Electric,115195
Ford i20,Ford,2012,112215,Petrol,137168
Maruti Nexon,Maruti,2019,34826,LPG,113073
Chevrolet Swift,Chevrolet,2011,108511,Diesel,120588
Hyundai Nexon,Hyundai,2010,91941,CNG,80276
Honda XUV,Honda,2007,105081,LPG,50000
Mahindra Swift,Mahindra,2015,82715,Electric,66385
Toyota Nexon,Toyota,2016,142632,Diesel,245380
Volkswagen Nexon,Volkswagen,2018,80316,CNG,408559
Renault Polo,Renault,2016,30049,Diesel,327915
Chevrolet Figo,Chevrolet,2013,89561,LPG,59602
Honda Nexon,Honda,2019,122340,Diesel,265822
Tata Swift,Tata,2009,35963,Petrol,60975
Renault Beat,Renault,2022,126400,Diesel,285438
Maruti City,Maruti,2013,82099,Electric,87236
Chevrolet Figo,Chevrolet,2006,53585,LPG,50000
Toyota Nexon,Toyota,2006,134677,Electric,51679
Honda City,Honda,2014,39426,LPG,79917
Toyota XUV,Toyota,2016,136503,CNG,105205
Tata Innova,Tata,2019,67056,Petrol,431163
Tata i20,Tata,2012,98397,Petrol,171260
Mahindra XUV,Mahindra,2017,145720,Electric,241193
Honda Innova,Honda,2019,108317,LPG,347966
Mahindra Kwid,Mahindra,2011,111459,Electric,97748
Mahindra Beat,Mahindra,2011,55893,LPG,138190
Renault i20,Renault,2006,74674,Diesel,55639
Maruti Nexon,Maruti,2005,96475,CNG,50000
Hyundai City,Hyundai,2008,131750,Diesel,59084
Honda Kwid,Honda,2015,54738,LPG,148621
Maruti Nexon,Maruti,2018,86367,Petrol,397414
Chevrolet Kwid,Chevrolet,2014,86619,Diesel,226725
Maruti i20,Maruti,2013,147348,LPG,136401
Volkswagen Innova,Volkswagen,2012,89530,Diesel,144926
Volkswagen Kwid,Volkswagen,2015,65204,Petrol,281180
Volkswagen Innova,Volkswagen,2009,25563,Petrol,50000
Toyota XUV,Toyota,2021,19847,Petrol,117856
Honda Beat,Honda,2019,141691,Diesel,241213
Toyota Kwid,Toyota,2022,91537,Diesel,580531
Toyota XUV,Toyota,2005,142130,CNG,50000
Renault Swift,Renault,2009,74178,Petrol,50000
Chevrolet i20,Chevrolet,2016,129273,Electric,345456
Renault Polo,Renault,2022,142311,Diesel,272197
Mahindra Swift,Mahindra,2006,55272,Diesel,56063
Tata City,Tata,2011,130030,CNG,127690
Honda i20,Honda,2022,19110,Diesel,171236
Mahindra Beat,Mahindra,2017,138335,Petrol,279332
Mahindra Kwid,Mahindra,2012,20225,Petrol,102240
Toyota Innova,Toyota,2012,115823,LPG,119759
Tata Nexon,Tata,2009,134398,CNG,91044
Tata Kwid,Tata,2005,135354,Electric,50000
Mahindra Polo,Mahindra,2022,38625,CNG,574680
Mahindra Polo,Mahindra,2012,120448,Diesel,81980
Renault Polo,Renault,2012,64061,Diesel,138179
Mahindra Swift,Mahindra,2005,111376,Petrol,50000
Renault Nexon,Renault,2018,29508,Petrol,114489
Volkswagen Kwid,Volkswagen,2006,113409,Diesel,55079
Ford Innova,Ford,2013,121279,CNG,124326
Mahindra Kwid,Mahindra,2017,124044,CNG,116625
Volkswagen Innova,Volkswagen,2018,77203,Electric,218812
Volkswagen Kwid,Volkswagen,2010,46321,LPG,50000
Mahindra Polo,Mahindra,2017,109304,Diesel,405896
Volkswagen Swift,Volkswagen,2017,113754,LPG,268667
Honda Swift,Honda,2011,101736,Diesel,132634
Honda Nexon,Honda,2019,99152,Petrol,480364
Volkswagen Polo,Volkswagen,2011,110494,Petrol,87737
Honda Swift,Honda,2005,149999,CNG,50000
Hyundai i20,Hyundai,2007,89973,LPG,50000
Hyundai Innova,Hyundai,2007,35537,Electric,50000
Tata Nexon,Tata,2013,117522,LPG,59284
Volkswagen Figo,Volkswagen,2012,41348,Diesel,174220
Honda City,Honda,2016,31636,Petrol,301278
Hyundai Swift,Hyundai,2009,56819,Electric,89168
Maruti Nexon,Maruti,2010,88714,LPG,105892
Maruti i20,Maruti,2017,34596,Petrol,285916
Mahindra Figo,Mahindra,2020,69182,Petrol,243039
Mahindra Beat,Mahindra,2019,66088,Electric,523032
Tata Swift,Tata,2019,55379,Diesel,365352
Hyundai i20,Hyundai,2006,56413,Electric,50000
Renault Swift,Renault,2008,17151,Electric,50000
Mahindra Figo,Mahindra,2018,131999,LPG,435745
Honda Kwid,Honda,2008,118177,Petrol,50000
Mahindra City,Mahindra,2021,96365,CNG,497526
Chevrolet Beat,Chevrolet,2016,82588,CNG,60239
Tata Kwid,Tata,2011,28743,Diesel,95240
Chevrolet XUV,Chevrolet,2014,129735,CNG,58224
Ford Swift,Ford,2008,22149,LPG,50000
Renault Polo,Renault,2014,98204,LPG,67934
Mahindra Swift,Mahindra,2013,47384,Petrol,102225
Tata City,Tata,2014,137959,Diesel,50000
Ford Polo,Ford,2014,129503,CNG,71097
Honda Kwid,Honda,2009,120641,Electric,50000
Chevrolet Swift,Chevrolet,2008,148299,Petrol,50000
Volkswagen Swift,Volkswagen,2014,98920,LPG,71702
Ford Polo,Ford,2008,137556,CNG,50000
Ford Swift,Ford,2021,27633,Diesel,632596
Volkswagen Polo,Volkswagen,2021,87231,Petrol,686591
Renault Innova,Renault,2019,102578,Diesel,334304
Mahindra Figo,Mahindra,2011,33711,Diesel,137398
Volkswagen Kwid,Volkswagen,2014,17421,CNG,157512
Toyota Kwid,Toyota,2006,27727,Diesel,50000
Ford Figo,Ford,2011,75108,Diesel,50000
Volkswagen Innova,Volkswagen,2007,134457,CNG,50000
Toyota Swift,Toyota,2015,119847,CNG,127589
Ford Innova,Ford,2008,43893,Diesel,83181
Honda Swift,Honda,2011,64253,Diesel,128940
Mahindra XUV,Mahindra,2012,122356,LPG,99761
Volkswagen Swift,Volkswagen,2008,26456,CNG,50000
Toyota Nexon,Toyota,2005,78008,CNG,50000
Maruti i20,Maruti,2017,82240,Diesel,322556
Honda Beat,Honda,2009,46378,Petrol,50000
Maruti Swift,Maruti,2012,66549,Petrol,50000
Renault Innova,Renault,2022,83794,Electric,762793
Renault XUV,Renault,2016,55113,Petrol,98856
Volkswagen Kwid,Volkswagen,2006,135541,Petrol,50000
Chevrolet Figo,Chevrolet,2007,19686,Electric,50000
Ford Beat,Ford,2012,141733,Electric,170811
Maruti Innova,Maruti,2008,52828,Petrol,64796
Volkswagen XUV,Volkswagen,2019,35592,Electric,184872
Hyundai Nexon,Hyundai,2020,98733,CNG,422439
Ford Polo,Ford,2020,78619,LPG,224892
Maruti XUV,Maruti,2016,91437,Diesel,311100
Mahindra XUV,Mahindra,2012,39301,LPG,177495
Mahindra Innova,Mahindra,2012,28752,Petrol,146663
Hyundai City,Hyundai,2010,131237,CNG,112672
Ford Swift,Ford,2012,101878,Electric,164446
Honda Swift,Honda,2020,20699,Electric,640819
Maruti Kwid,Maruti,2006,128413,CNG,61326
Renault Nexon,Renault,2013,45585,Petrol,202596
Renault Kwid,Renault,2013,94416,LPG,82972
Tata XUV,Tata,2008,100373,CNG,50422
Hyundai Innova,Hyundai,2015,20382,Petrol,182167
Mahindra Swift,Mahindra,2009,71929,Electric,70396
Renault Polo,Renault,2019,108864,CNG,326160
Chevrolet Nexon,Chevrolet,2010,35169,LPG,50000
Chevrolet Swift,Chevrolet,2007,55033,CNG,63325
Chevrolet City,Chevrolet,2010,41750,LPG,115484
Maruti XUV,Maruti,2007,16721,Electric,50000
Honda Figo,Honda,2007,140513,Petrol,76519
Volkswagen Nexon,Volkswagen,2022,146728,CNG,650090
Maruti Beat,Maruti,2005,128947,Electric,50000
Tata City,Tata,2005,41055,Electric,50000
Toyota Beat,Toyota,2018,124099,Electric,234520
Honda Beat,Honda,2007,33429,CNG,77504
Honda Innova,Honda,2006,111268,CNG,56613
Ford Nexon,Ford,2019,50108,CNG,420166
Toyota Polo,Toyota,2016,17967,CNG,98344
Mahindra XUV,Mahindra,2017,38179,Petrol,122658
Chevrolet Innova,Chevrolet,2010,127407,Diesel,97940
Ford Polo,Ford,2015,96269,CNG,50332
Maruti Figo,Maruti,2009,52913,Electric,50000
Ford XUV,Ford,2015,129863,Diesel,275247
Renault Swift,Renault,2013,38141,Petrol,50000
Honda XUV,Honda,2020,133279,LPG,621159
Honda Figo,Honda,2005,107539,Diesel,50000
Toyota Figo,Toyota,2012,33312,Petrol,139991
Toyota Swift,Toyota,2011,108723,Petrol,101563
Tata i20,Tata,2010,67009,LPG,54859
Volkswagen Nexon,Volkswagen,2007,106774,Electric,50000
Toyota Innova,Toyota,2018,41174,Diesel,361026
Volkswagen Swift,Volkswagen,2009,80017,CNG,50000
Renault Innova,Renault,2010,34022,CNG,107821
Chevrolet i20,Chevrolet,2011,70428,LPG,146891
Tata Figo,Tata,2022,141743,Diesel,282497
Maruti Figo,Maruti,2021,145870,Electric,369301
Volkswagen Figo,Volkswagen,2008,138563,Electric,50000
Tata Beat,Tata,2022,31223,LPG,489279
Chevrolet Swift,Chevrolet,2013,38380,Petrol,144284
Mahindra Nexon,Mahindra,2010,127360,Electric,112455
Mahindra Nexon,Mahindra,2021,13191,Petrol,432541
Tata Kwid,Tata,2006,13631,LPG,63056
Mahindra Innova,Mahindra,2005,100353,Electric,50000
Mahindra i20,Mahindra,2012,137734,Diesel,113280
Tata i20,Tata,2012,61399,LPG,108756
Toyota Nexon,Toyota,2021,17099,Electric,407402
Tata Kwid,Tata,2009,40111,Electric,50000
Maruti Beat,Maruti,2009,70920,CNG,50339
Hyundai Beat,Hyundai,2015,17788,Electric,274694
Honda i20,Honda,2012,125053,Diesel,71665
Maruti Beat,Maruti,2019,135426,Petrol,295958
Chevrolet Nexon,Chevrolet,2015,102601,Diesel,250684
Hyundai i20,Hyundai,2009,114797,Electric,81474
Ford Nexon,Ford,2012,146511,Diesel,73676
Chevrolet Innova,Chevrolet,2020,119787,Petrol,153523
Maruti Figo,Maruti,2012,137896,Petrol,76651
Ford Beat,Ford,2019,107661,Diesel,430267
Toyota Swift,Toyota,2013,133257,CNG,166379
Maruti Kwid,Maruti,2022,56857,Electric,738329
Honda City,Honda,2016,147050,Petrol,230977
Hyundai i20,Hyundai,2017,118212,Electric,84104
Renault Polo,Renault,2020,19503,Electric,638896
Renault Polo,Renault,2006,55838,LPG,50000
Maruti City,Maruti,2013,80119,Diesel,203136
Maruti Nexon,Maruti,2022,102949,Diesel,372056
Ford Polo,Ford,2016,103471,LPG,250367
Honda Kwid,Honda,2021,87794,LPG,256464
Maruti i20,Maruti,2011,86272,Petrol,77441
Mahindra Nexon,Mahindra,2013,53950,LPG,203790
Mahindra Innova,Mahindra,2017,135588,CNG,289169
Volkswagen i20,Volkswagen,2018,65533,LPG,173966
Renault Swift,Renault,2016,118255,Petrol,226864
Chevrolet Kwid,Chevrolet,2015,53541,Electric,50000
Mahindra i20,Mahindra,2017,95457,Petrol,92817
Chevrolet Swift,Chevrolet,2019,65731,Petrol,538039
Hyundai Beat,Hyundai,2019,30567,LPG,234642
Renault Figo,Renault,2017,118821,Petrol,340060
Tata XUV,Tata,2009,77260,Diesel,96904
Mahindra Polo,Mahindra,2007,18894,Electric,50000
Honda Swift,Honda,2011,114555,LPG,50000
Renault City,Renault,2009,98199,CNG,55866
Tata XUV,Tata,2020,65147,Diesel,284599
Chevrolet i20,Chevrolet,2005,48787,Diesel,50000
Chevrolet Beat,Chevrolet,2007,31727,Petrol,71765
Ford Polo,Ford,2006,78056,LPG,50000
Mahindra Kwid,Mahindra,2018,90102,Electric,382856
Tata Polo,Tata,2006,77695,Electric,50000
Toyota City,Toyota,2013,127235,CNG,169759
Toyota XUV,Toyota,2014,29033,Electric,119596
Chevrolet Kwid,Chevrolet,2016,36832,LPG,333874
Renault XUV,Renault,2018,29873,Diesel,428646
Volkswagen Innova,Volkswagen,2015,110082,CNG,184982
Mahindra Figo,Mahindra,2010,22087,Diesel,53675
Renault Polo,Renault,2009,92617,Electric,60314
Volkswagen i20,Volkswagen,2019,19596,Petrol,559194
Tata Innova,Tata,2014,123175,Electric,226939
Mahindra Nexon,Mahindra,2009,83445,Diesel,50000
Maruti Swift,Maruti,2012,129654,Electric,172740
Tata Innova,Tata,2014,102197,Petrol,50000
Toyota Beat,Toyota,2017,37766,CNG,333868
Honda Beat,Honda,2008,79122,Petrol,50000
Ford Beat,Ford,2020,105286,LPG,303451
Toyota City,Toyota,2006,26029,Diesel,67907
Mahindra XUV,Mahindra,2021,78926,Electric,269427
Honda Nexon,Honda,2017,72539,CNG,321789
Chevrolet i20,Chevrolet,2010,23428,Diesel,50000
Maruti Figo,Maruti,2008,67775,Diesel,50000
Renault Innova,Renault,2021,86256,Electric,600197
Renault Beat,Renault,2021,94730,Electric,321792
Mahindra City,Mahindra,2019,43787,Petrol,280882
Hyundai Figo,Hyundai,2017,87984,LPG,138623
Honda XUV,Honda,2020,138046,LPG,415387
Renault Swift,Renault,2019,94045,LPG,316298
Maruti Beat,Maruti,2015,13471,LPG,292614
Chevrolet Nexon,Chevrolet,2014,56850,CNG,73616
Tata Nexon,Tata,2021,147469,Electric,222456
Honda Figo,Honda,2017,63072,Diesel,345939
Ford Innova,Ford,2014,35122,Petrol,156494
Mahindra i20,Mahindra,2009,72812,Diesel,50000
Chevrolet Nexon,Chevrolet,2021,118899,Electric,504951
Renault XUV,Renault,2008,15105,CNG,69532
Tata Innova,Tata,2005,12839,CNG,50000
Toyota Kwid,Toyota,2008,52821,Diesel,53119
Hyundai Innova,Hyundai,2018,17531,Petrol,201874
Ford i20,Ford,2008,142503,LPG,54925
Renault City,Renault,2011,141234,CNG,117003
Tata Polo,Tata,2018,17896,LPG,163918
Maruti Innova,Maruti,2016,51800,CNG,310918
Hyundai Kwid,Hyundai,2008,143715,Diesel,50000
Volkswagen Swift,Volkswagen,2015,113864,CNG,221998
Hyundai i20,Hyundai,2008,27073,Electric,59887
Mahindra Kwid,Mahindra,2010,134302,LPG,50000
Volkswagen i20,Volkswagen,2015,76707,Petrol,88092
Toyota City,Toyota,2019,75428,Electric,93760
Honda XUV,Honda,2016,121487,Electric,103459
Maruti Figo,Maruti,2022,38228,Diesel,275624
Chevrolet i20,Chevrolet,2009,107239,Electric,50000
Maruti Innova,Maruti,2016,91912,LPG,107581
Ford Innova,Ford,2022,101006,Diesel,201252
Tata City,Tata,2005,72032,Diesel,50000
Honda Nexon,Honda,2006,28474,Petrol,64759
Toyota Figo,Toyota,2011,54629,Electric,50000
Maruti Beat,Maruti,2021,60669,Diesel,760306
Tata XUV,Tata,2006,79184,CNG,56742
Volkswagen Innova,Volkswagen,2009,93457,CNG,53911
Toyota Figo,Toyota,2020,121672,CNG,234310
Tata City,Tata,2014,75633,Diesel,155258
Maruti Figo,Maruti,2020,88258,CNG,268065
Mahindra City,Mahindra,2011,103269,Diesel,50000
Honda Figo,Honda,2019,40651,CNG,101500
Volkswagen i20,Volkswagen,2014,77263,Electric,64610
Renault Nexon,Renault,2021,47823,Petrol,250529
Volkswagen Kwid,Volkswagen,2008,88707,LPG,90734
Tata City,Tata,2012,106468,Petrol,120393
Maruti Figo,Maruti,2018,124586,LPG,155763
Maruti Innova,Maruti,2012,28489,Electric,149162
Tata Nexon,Tata,2021,39118,Electric,703791
Ford i20,Ford,2007,101179,Petrol,50000
Tata Nexon,Tata,2014,51971,LPG,50000
Chevrolet Figo,Chevrolet,2010,98664,Electric,50000
Tata i20,Tata,2015,147924,Petrol,140368
Toyota Beat,Toyota,2015,143623,CNG,206931
Honda Figo,Honda,2014,132775,Diesel,194332
Volkswagen Kwid,Volkswagen,2013,85939,CNG,73102
Renault Beat,Renault,2012,16710,LPG,74141
Ford Kwid,Ford,2019,47991,CNG,351935
Volkswagen Figo,Volkswagen,2014,148043,CNG,102666
Hyundai Kwid,Hyundai,2010,90257,LPG,88561
Hyundai Nexon,Hyundai,2007,21116,Electric,59754
Maruti City,Maruti,2022,142970,LPG,445913
Volkswagen Beat,Volkswagen,2010,119472,Electric,83990
Renault Innova,Renault,2012,43380,CNG,134543
Renault City,Renault,2020,30074,Electric,419482
Maruti Nexon,Maruti,2008,49901,CNG,50000
Hyundai Innova,Hyundai,2018,134661,Electric,189656
Renault i20,Renault,2013,72987,Petrol,110032
Tata Figo,Tata,2017,62756,Petrol,156736
Volkswagen Kwid,Volkswagen,2017,66481,CNG,63014
Chevrolet Innova,Chevrolet,2010,36170,Electric,63645
Tata XUV,Tata,2009,19752,LPG,96626
Chevrolet Nexon,Chevrolet,2005,36819,LPG,50000
Renault XUV,Renault,2006,42994,CNG,60962
Renault Beat,Renault,2013,105665,LPG,199587
Volkswagen Figo,Volkswagen,2016,132232,Diesel,344164
Chevrolet Beat,Chevrolet,2016,53732,LPG,117228
Tata Beat,Tata,2007,10587,Electric,67561
Chevrolet i20,Chevrolet,2020,130987,Electric,648896
Volkswagen Innova,Volkswagen,2005,35556,Diesel,50000
Chevrolet Swift,Chevrolet,2006,43866,Petrol,61302
Hyundai Kwid,Hyundai,2020,91557,CNG,614088
Ford Kwid,Ford,2009,42602,Diesel,106325
Mahindra Nexon,Mahindra,2020,97969,Electric,644306
Chevrolet Swift,Chevrolet,2019,77494,CNG,301140
Mahindra Polo,Mahindra,2013,48547,LPG,106634
Honda Polo,Honda,2005,31447,Petrol,50000
Maruti i20,Maruti,2008,97960,Diesel,65271
Volkswagen Innova,Volkswagen,2010,122782,Diesel,107052
Chevrolet i20,Chevrolet,2007,119869,Petrol,75780
Mahindra Nexon,Mahindra,2016,63798,Electric,311414
Honda Figo,Honda,2007,60939,LPG,50000
Hyundai Nexon,Hyundai,2005,96661,Petrol,50000
Hyundai Figo,Hyundai,2006,143669,Diesel,50000
Ford Kwid,Ford,2008,96516,Petrol,82543
Renault i20,Renault,2007,22109,Electric,50000
Tata Figo,Tata,2021,149544,CNG,231415
Chevrolet Kwid,Chevrolet,2018,44518,LPG,80952
Toyota City,Toyota,2020,25282,Diesel,194542
Tata Nexon,Tata,2013,15075,LPG,181484
Honda Innova,Honda,2013,21002,Petrol,207302
Hyundai Beat,Hyundai,2019,66307,LPG,521365
Volkswagen Innova,Volkswagen,2010,44228,Diesel,81237
Chevrolet XUV,Chevrolet,2008,53472,LPG,64843
Tata Nexon,Tata,2013,69711,Electric,196516
Volkswagen Swift,Volkswagen,2018,138202,CNG,93197
Chevrolet Innova,Chevrolet,2007,102493,Petrol,50000
Tata City,Tata,2013,18259,Diesel,203193
Mahindra Figo,Mahindra,2012,24849,LPG,62261
Volkswagen City,Volkswagen,2013,73095,Petrol,193637
Volkswagen Kwid,Volkswagen,2020,45292,LPG,586742
Hyundai Polo,Hyundai,2021,61631,Electric,108945
Volkswagen i20,Volkswagen,2016,76314,Electric,143390
Mahindra City,Mahindra,2022,105998,Petrol,474335
Volkswagen City,Volkswagen,2009,68643,Electric,50000
Tata Innova,Tata,2007,148923,CNG,52303
Ford Polo,Ford,2013,95436,Petrol,183246
Maruti Kwid,Maruti,2007,19168,Electric,64399
Tata Polo,Tata,2005,42174,CNG,50000
Hyundai i20,Hyundai,2016,147653,Petrol,70361
Mahindra Nexon,Mahindra,2018,74046,LPG,440493
Mahindra Beat,Mahindra,2012,99906,CNG,141602
Toyota i20,Toyota,2008,40795,CNG,50000
Tata Polo,Tata,2016,141265,Petrol,128862
Chevrolet Figo,Chevrolet,2006,21190,CNG,54664
Volkswagen Nexon,Volkswagen,2010,12261,Petrol,50000
Chevrolet Beat,Chevrolet,2016,38933,LPG,283278
Renault Innova,Renault,2012,122082,Electric,163164
Volkswagen Polo,Volkswagen,2017,105074,Electric,400956
Toyota Beat,Toyota,2018,15410,Diesel,342801
Chevrolet Figo,Chevrolet,2017,106055,Diesel,108594
Maruti Beat,Maruti,2017,96716,Petrol,211175
Chevrolet Innova,Chevrolet,2021,68557,LPG,328509
Mahindra XUV,Mahindra,2005,106038,Diesel,50000
Ford Swift,Ford,2021,27087,CNG,175413
Maruti City,Maruti,2013,146535,Petrol,136157
Honda Innova,Honda,2021,14648,LPG,258647
Chevrolet Figo,Chevrolet,2011,59334,Diesel,107837
Maruti Nexon,Maruti,2011,80028,Electric,75917
Honda Nexon,Honda,2015,91554,LPG,158073
Renault Innova,Renault,2018,71035,CNG,124770
Tata Swift,Tata,2017,144393,Electric,289516
Mahindra Polo,Mahindra,2012,123816,CNG,111692
Honda Nexon,Honda,2018,76262,Diesel,106577
Volkswagen Kwid,Volkswagen,2019,77411,Electric,182340
Chevrolet Nexon,Chevrolet,2022,48211,Diesel,253754
Honda Kwid,Honda,2005,34995,Diesel,50000
Volkswagen Beat,Volkswagen,2012,88931,Electric,130721
Mahindra Swift,Mahindra,2016,71350,Electric,122870
Hyundai i20,Hyundai,2013,124889,CNG,90478
Volkswagen i20,Volkswagen,2015,84637,Petrol,207176
Honda Kwid,Honda,2013,115848,CNG,50000
Ford Beat,Ford,2007,70058,Petrol,69611
Honda Innova,Honda,2006,109932,CNG,50000
Chevrolet Innova,Chevrolet,2007,147103,LPG,50000
Volkswagen Polo,Volkswagen,2012,32785,Diesel,54052
Renault XUV,Renault,2016,12282,LPG,206013
Maruti Innova,Maruti,2017,77534,Petrol,383805
Hyundai Kwid,Hyundai,2009,84964,Petrol,50000
Volkswagen Swift,Volkswagen,2010,110123,Diesel,85986
Tata Swift,Tata,2015,131251,CNG,135353
Toyota XUV,Toyota,2017,72493,Diesel,206454
Hyundai Polo,Hyundai,2016,110127,CNG,201151
Volkswagen City,Volkswagen,2007,89003,CNG,50000
Mahindra City,Mahindra,2019,64312,Petrol,464858
Maruti Kwid,Maruti,2012,25434,Electric,110907
Volkswagen Kwid,Volkswagen,2008,138379,CNG,50000
Mahindra Innova,Mahindra,2006,78803,Electric,50000
Chevrolet Innova,Chevrolet,2005,127961,LPG,50000
Honda Innova,Honda,2007,130234,Diesel,50000
Renault City,Renault,2015,21120,LPG,139885
Hyundai Polo,Hyundai,2016,105040,CNG,322538
Ford Beat,Ford,2008,15744,Diesel,77017
Toyota Nexon,Toyota,2007,130906,Petrol,50000
Renault City,Renault,2008,17597,Electric,65054
Tata Swift,Tata,2015,124650,LPG,222442
Ford Kwid,Ford,2019,143241,CNG,527218
Chevrolet Swift,Chevrolet,2014,18036,LPG,191467
Ford Beat,Ford,2010,147416,Diesel,63437
Maruti Beat,Maruti,2017,30538,Electric,285905
Renault Beat,Renault,2021,69500,CNG,191219
Toyota Kwid,Toyota,2020,120659,Electric,332462
Honda XUV,Honda,2009,12352,Petrol,50000
Renault Figo,Renault,2006,18556,CNG,50000
Volkswagen Polo,Volkswagen,2007,122169,Diesel,50000
Honda Polo,Honda,2017,140544,LPG,196049
Tata Swift,Tata,2018,92302,Electric,377340
Ford Kwid,Ford,2016,10138,LPG,137380
Mahindra Polo,Mahindra,2008,95376,Diesel,50000
Renault Figo,Renault,2007,47772,Petrol,69641
Maruti Nexon,Maruti,2006,36762,Petrol,63149
Mahindra Nexon,Mahindra,2021,95090,Diesel,543816
Hyundai Swift,Hyundai,2012,84965,Electric,50000
Maruti Beat,Maruti,2009,142379,Diesel,50000
Ford Beat,Ford,2021,45428,Diesel,229113
Chevrolet XUV,Chevrolet,2006,36421,LPG,50000
Mahindra Polo,Mahindra,2019,86021,CNG,530149
Hyundai XUV,Hyundai,2015,36086,LPG,143746
Volkswagen Innova,Volkswagen,2021,142279,Diesel,411161
Chevrolet Beat,Chevrolet,2016,23893,Petrol,317922
Renault Nexon,Renault,2020,48635,Diesel,520254
Renault Swift,Renault,2010,88518,Electric,94338
Maruti Figo,Maruti,2010,132813,Petrol,50000
Chevrolet Kwid,Chevrolet,2019,78344,Petrol,286182
Toyota Beat,Toyota,2021,123613,LPG,319431
Hyundai Figo,Hyundai,2019,16142,Electric,234280
Ford Figo,Ford,2008,51862,Petrol,87787
Tata XUV,Tata,2013,110167,Diesel,172845
Toyota City,Toyota,2021,12384,Diesel,752593
Chevrolet Figo,Chevrolet,2005,112239,Electric,50000
Ford Swift,Ford,2010,31826,Electric,50000
Chevrolet Kwid,Chevrolet,2009,34045,Petrol,50000
Hyundai Polo,Hyundai,2020,109441,CNG,623088
Honda Polo,Honda,2015,128325,LPG,171508
Chevrolet Kwid,Chevrolet,2020,62887,Petrol,356878
Maruti Figo,Maruti,2019,37810,CNG,499879
Ford i20,Ford,2022,20503,LPG,174673
Volkswagen Innova,Volkswagen,2021,136439,Electric,519609
Mahindra Nexon,Mahindra,2011,76624,LPG,90509
Volkswagen Beat,Volkswagen,2009,130356,Petrol,107534
Volkswagen Innova,Volkswagen,2012,88471,Petrol,100823
Ford Figo,Ford,2013,21390,LPG,117995
Tata Polo,Tata,2008,104754,CNG,72785
Toyota Swift,Toyota,2013,31281,LPG,50000
Toyota City,Toyota,2018,58511,Electric,179727
Hyundai XUV,Hyundai,2010,29810,CNG,130557
Tata Beat,Tata,2007,51869,Petrol,50000
Honda Kwid,Honda,2017,20207,LPG,113808
Toyota XUV,Toyota,2017,32031,CNG,180596
Honda Figo,Honda,2012,81312,CNG,93983
Hyundai Polo,Hyundai,2006,99833,CNG,50000
Volkswagen XUV,Volkswagen,2020,121041,Diesel,371712
Ford XUV,Ford,2017,20350,LPG,259076
Ford Beat,Ford,2006,78487,Electric,50000
Volkswagen Swift,Volkswagen,2018,63117,Diesel,138839
Ford Figo,Ford,2011,38454,Diesel,87404
Hyundai Figo,Hyundai,2013,132258,Diesel,91763
Ford Figo,Ford,2021,26566,Diesel,449991
Volkswagen Swift,Volkswagen,2014,99571,LPG,228070
Volkswagen Innova,Volkswagen,2022,114859,LPG,856099
Renault Innova,Renault,2019,56101,Electric,561879
Volkswagen Swift,Volkswagen,2008,81126,CNG,50000
Mahindra Beat,Mahindra,2018,56154,Petrol,149840
Tata Nexon,Tata,2016,99678,LPG,253432
Ford City,Ford,2021,99081,CNG,780046
Hyundai Kwid,Hyundai,2022,36917,CNG,699880
Chevrolet City,Chevrolet,2022,90811,CNG,600398
Honda Swift,Honda,2015,29008,Electric,78921
Toyota Innova,Toyota,2013,146865,LPG,50000
Maruti Innova,Maruti,2008,123550,CNG,50000
Chevrolet Kwid,Chevrolet,2017,101218,CNG,375535
Tata Polo,Tata,2010,130779,Diesel,128727
Mahindra City,Mahindra,2005,102122,Diesel,50000
Toyota Figo,Toyota,2014,81854,Petrol,144358
Mahindra XUV,Mahindra,2015,25372,Petrol,199816
Mahindra Kwid,Mahindra,2005,108826,CNG,50000
Tata Polo,Tata,2008,121022,LPG,50000
Tata Kwid,Tata,2013,88356,Diesel,79849
Mahindra i20,Mahindra,2016,76852,LPG,231761
Chevrolet Innova,Chevrolet,2020,76914,Diesel,431143
Renault XUV,Renault,2020,97697,Electric,367533
Ford i20,Ford,2018,133106,LPG,316613
Ford City,Ford,2013,48342,CNG,50000
Volkswagen Beat,Volkswagen,2009,121715,Petrol,93470
Volkswagen i20,Volkswagen,2006,91423,Electric,50000
Mahindra Innova,Mahindra,2013,62389,CNG,97368
Mahindra Polo,Mahindra,2005,86396,CNG,50000
Chevrolet i20,Chevrolet,2017,67505,Diesel,291524
